{"cameraMode":{"drawMode":0,"name":"Shaded","section":"Shading Mode"},"sceneLighting":false,"audioPlay":false,"sceneViewState":{"showFog":false,"showMaterialUpdate":false,"showSkybox":false,"showFlares":false,"showImageEffects":false,"showParticleSystems":false},"in2DMode":false,"pivot":{"x":315.89801025390627,"y":406.8414306640625,"z":-0.41652894020080569},"rotation":{"x":-0.05625202879309654,"y":0.18815387785434724,"z":-0.010794665664434433,"w":-0.9804701209068298},"size":776.80126953125,"orthographic":false}